SC, Zortéa
SC, Xaxim
SC, Xavantina
SC, Xanxerê
SC, Witmarsum
SC, Vitor Meireles
SC, Videira
SC, Vidal Ramos
SC, Vargem Bonita
SC, Vargem
SC, Vargeão
SC, Urussanga
SC, Urupema
SC, Urubici
SC, União do Oeste
SC, Turvo
SC, Tunápolis
SC, Tubarão
SC, Trombudo Central
SC, Treze Tílias
SC, Treze de Maio
SC, Treviso
SC, Três Barras
SC, Timbó Grande
SC, Timbó
SC, Timbé do Sul
SC, Tijucas
SC, Tigrinhos
SC, Tangará
SC, Taió
SC, Sul Brasil
SC, Sombrio
SC, Siderópolis
SC, Serra Alta
SC, Seara
SC, Schroeder
SC, Saudades
SC, São Pedro de Alcântara
SC, São Miguel do Oeste
SC, São Miguel da Boa Vista
SC, São Martinho
SC, São Ludgero
SC, São Lourenço do Oeste
SC, São José do Cerrito
SC, São José do Cedro
SC, São José
SC, São Joaquim
SC, São João do Sul
SC, São João do Oeste
SC, São João do Itaperiú
SC, São João Batista
SC, São Francisco do Sul
SC, São Domingos
SC, São Cristóvão do Sul
SC, São Carlos
SC, São Bonifácio
SC, São Bernardino
SC, São Bento do Sul
SC, Santo Amaro da Imperatriz
SC, Santiago do Sul
SC, Santa Terezinha do Progresso
SC, Santa Terezinha
SC, Santa Rosa do Sul
SC, Santa Rosa de Lima
SC, Santa Helena
SC, Santa Cecília
SC, Sangão
SC, Salto Veloso
SC, Saltinho
SC, Salete
SC, Romelândia
SC, Rodeio
SC, Riqueza
SC, Rio Rufino
SC, Rio Negrinho
SC, Rio Fortuna
SC, Rio dos Cedros
SC, Rio do Sul
SC, Rio do Oeste
SC, Rio do Campo
SC, Rio das Antas
SC, Rancho Queimado
SC, Quilombo
SC, Princesa
SC, Presidente Nereu
SC, Presidente Getúlio
SC, Presidente Castello Branco
SC, Praia Grande
SC, Pouso Redondo
SC, Porto União
SC, Porto Belo
SC, Ponte Serrada
SC, Ponte Alta do Norte
SC, Ponte Alta
SC, Pomerode
SC, Planalto Alegre
SC, Piratuba
SC, Pinheiro Preto
SC, Pinhalzinho
SC, Petrolândia
SC, Pescaria Brava
SC, Peritiba
SC, Penha
SC, Pedras Grandes
SC, Paulo Lopes
SC, Passos Maia
SC, Passo de Torres
SC, Paraíso
SC, Papanduva
SC, Palmitos
SC, Palmeira
SC, Palma Sola
SC, Palhoça
SC, Painel
SC, Paial
SC, Ouro Verde
SC, Ouro
SC, Otacílio Costa
SC, Orleans
SC, Novo Horizonte
SC, Nova Veneza
SC, Nova Trento
SC, Nova Itaberaba
SC, Nova Erechim
SC, Navegantes
SC, Morro Grande
SC, Morro da Fumaça
SC, Monte Castelo
SC, Monte Carlo
SC, Mondaí
SC, Modelo
SC, Mirim Doce
SC, Meleiro
SC, Matos Costa
SC, Massaranduba
SC, Marema
SC, Maravilha
SC, Maracajá
SC, Major Vieira
SC, Major Gercino
SC, Mafra
SC, Macieira
SC, Luzerna
SC, Luiz Alves
SC, Lontras
SC, Lindóia do Sul
SC, Leoberto Leal
SC, Lebon Régis
SC, Lauro Müller
SC, Laurentino
SC, Lajeado Grande
SC, Laguna
SC, Lages
SC, Lacerdópolis
SC, Jupiá
SC, José Boiteux
SC, Joinville
SC, Joaçaba
SC, Jardinópolis
SC, Jaraguá do Sul
SC, Jaguaruna
SC, Jacinto Machado
SC, Jaborá
SC, Ituporanga
SC, Itapoá
SC, Itapiranga
SC, Itapema
SC, Itajaí
SC, Itaiópolis
SC, Itá
SC, Irineópolis
SC, Irati
SC, Irani
SC, Iraceminha
SC, Ipumirim
SC, Ipuaçu
SC, Iporã do Oeste
SC, Ipira
SC, Iomerê
SC, Indaial
SC, Imbuia
SC, Imbituba
SC, Imaruí
SC, Ilhota
SC, Içara
SC, Ibirama
SC, Ibicaré
SC, Ibiam
SC, Herval d'Oeste
SC, Guatambu
SC, Guarujá do Sul
SC, Guaramirim
SC, Guaraciaba
SC, Guabiruba
SC, Gravatal
SC, Grão-Pará
SC, Governador Celso Ramos
SC, Gaspar
SC, Garuva
SC, Garopaba
SC, Galvão
SC, Frei Rogério
SC, Fraiburgo
SC, Forquilhinha
SC, Formosa do Sul
SC, Florianópolis
SC, Flor do Sertão
SC, Faxinal dos Guedes
SC, Erval Velho
SC, Ermo
SC, Entre Rios
SC, Doutor Pedrinho
SC, Dona Emma
SC, Dionísio Cerqueira
SC, Descanso
SC, Curitibanos
SC, Cunhataí
SC, Cunha Porã
SC, Criciúma
SC, Corupá
SC, Correia Pinto
SC, Coronel Martins
SC, Coronel Freitas
SC, Cordilheira Alta
SC, Concórdia
SC, Cocal do Sul
SC, Chapecó
SC, Chapadão do Lageado
SC, Cerro Negro
SC, Celso Ramos
SC, Caxambu do Sul
SC, Catanduvas
SC, Capivari de Baixo
SC, Capinzal
SC, Capão Alto
SC, Canoinhas
SC, Canelinha
SC, Campos Novos
SC, Campo Erê
SC, Campo Belo do Sul
SC, Campo Alegre
SC, Camboriú
SC, Calmon
SC, Caibi
SC, Caçador
SC, Brusque
SC, Brunópolis
SC, Braço do Trombudo
SC, Braço do Norte
SC, Botuverá
SC, Bombinhas
SC, Bom Retiro
SC, Bom Jesus do Oeste
SC, Bom Jesus
SC, Bom Jardim da Serra
SC, Bocaina do Sul
SC, Blumenau
SC, Biguaçu
SC, Benedito Novo
SC, Belmonte
SC, Bela Vista do Toldo
SC, Barra Velha
SC, Barra Bonita
SC, Bandeirante
SC, Balneário Rincão
SC, Balneário Piçarras
SC, Balneário Gaivota
SC, Balneário Camboriú
SC, Balneário Barra do Sul
SC, Balneário Arroio do Silva
SC, Aurora
SC, Atalanta
SC, Ascurra
SC, Arvoredo
SC, Arroio Trinta
SC, Armazém
SC, Araranguá
SC, Araquari
SC, Arabutã
SC, Apiúna
SC, Antônio Carlos
SC, Anitápolis
SC, Anita Garibaldi
SC, Angelina
SC, Anchieta
SC, Alto Bela Vista
SC, Alfredo Wagner
SC, Águas Mornas
SC, Águas Frias
SC, Águas de Chapecó
SC, Água Doce
SC, Agronômica
SC, Agrolândia
SC, Abelardo Luz
SC, Abdon Batista